"total_casos","total_obitos","incidencia_media","letalidade_media","idhm_medio","ivs_medio","idsc_medio"
362374,4235,191.713960980036,2.03300514216576,0.646072873580507,0.392343160111303,42.0264694291946
